Departamento;Municipio;Tipologia;Estado  de intervención
AMAZONAS;EL ENCANTO;Tipo IV;Sin minas
AMAZONAS;LA CHORRERA;Tipo III;Sin minas
AMAZONAS;LA PEDRERA;Tipo IV;Sin minas
AMAZONAS;LA VICTORIA;Tipo IV;Sin minas
AMAZONAS;LETICIA;Tipo IV;Sin minas
AMAZONAS;MIRITÍ - PARANÁ;Tipo IV;Sin minas
AMAZONAS;PUERTO ALEGRÍA;Tipo IV;Sin minas
AMAZONAS;PUERTO ARICA;Tipo IV;Sin minas
AMAZONAS;PUERTO NARIÑO;Tipo IV;Sin minas
AMAZONAS;PUERTO SANTANDER;Tipo I;Sin minas
AMAZONAS;TARAPACÁ;Tipo IV;Sin minas
ANTIOQUIA;ABEJORRAL;Plan de intervención DH;En intervención
ANTIOQUIA;ABRIAQUÍ;Tipo II;Sin minas
ANTIOQUIA;ALEJANDRÍA;Tipo II;En intervención
ANTIOQUIA;AMAGÁ;Tipo IV;Sin minas
ANTIOQUIA;AMALFI;Tipo I;Por intervenir
ANTIOQUIA;ANDES;Tipo IV;Sin minas
ANTIOQUIA;ANGELÓPOLIS;Tipo III;Sin minas
ANTIOQUIA;ANGOSTURA;Tipo I;Por intervenir
ANTIOQUIA;ANORÍ;Tipo I;Por intervenir
ANTIOQUIA;ANZÁ;Tipo II;Sin minas
ANTIOQUIA;APARTADÓ;Tipo I;Por intervenir
ANTIOQUIA;ARBOLETES;Tipo IV;Sin minas
ANTIOQUIA;ARGELIA;Tipo I;En intervención
ANTIOQUIA;ARMENIA;Tipo IV;Sin minas
ANTIOQUIA;BARBOSA;Tipo III;Sin minas
ANTIOQUIA;BELLO;Tipo II;Sin minas
ANTIOQUIA;BELMIRA;Tipo IV;Sin minas
ANTIOQUIA;BETANIA;Tipo III;Sin minas
ANTIOQUIA;BETULIA;Tipo III;Sin minas
ANTIOQUIA;BRICEÑO;Tipo I;En intervención
ANTIOQUIA;BURITICÁ;Tipo II;Por intervenir
ANTIOQUIA;CÁCERES;Tipo I;Por intervenir
ANTIOQUIA;CAICEDO;Tipo II;Sin minas
ANTIOQUIA;CALDAS;Tipo III;Sin minas
ANTIOQUIA;CAMPAMENTO;Tipo I;Por intervenir
ANTIOQUIA;CAÑASGORDAS;Tipo II;Por intervenir
ANTIOQUIA;CARACOLÍ;Tipo II;Sin minas
ANTIOQUIA;CARAMANTA;Tipo II;Sin minas
ANTIOQUIA;CAREPA;Tipo II;Por intervenir
ANTIOQUIA;CARMEN DE VIBORAL;Plan de intervención DH;En intervención
ANTIOQUIA;CAROLINA;Tipo III;Sin minas
ANTIOQUIA;CAUCASIA;Tipo II;Por intervenir
ANTIOQUIA;CHIGORODÓ;Tipo I;Por intervenir
ANTIOQUIA;CISNEROS;Tipo II;Sin minas
ANTIOQUIA;CIUDAD BOLÍVAR;Tipo IV;Sin minas
ANTIOQUIA;COCORNÁ;Plan de intervención DH;Sin minas
ANTIOQUIA;CONCEPCIÓN;Tipo II;En intervención
ANTIOQUIA;CONCORDIA;Tipo IV;Sin minas
ANTIOQUIA;COPACABANA;Tipo IV;Sin minas
ANTIOQUIA;DABEIBA;Tipo I;Por intervenir
ANTIOQUIA;DONMATÍAS;Tipo III;Sin minas
ANTIOQUIA;EBÉJICO;Tipo IV;Sin minas
ANTIOQUIA;EL BAGRE;Tipo I;Por intervenir
ANTIOQUIA;EL SANTUARIO;Tipo II;En intervención
ANTIOQUIA;ENTRERRÍOS;Tipo IV;Sin minas
ANTIOQUIA;ENVIGADO;Tipo IV;Sin minas
ANTIOQUIA;FREDONIA;Tipo IV;Sin minas
ANTIOQUIA;FRONTINO;Tipo II;Por intervenir
ANTIOQUIA;GIRALDO;Tipo III;Sin minas
ANTIOQUIA;GIRARDOTA;Tipo IV;Sin minas
ANTIOQUIA;GÓMEZ PLATA;Tipo II;Sin minas
ANTIOQUIA;GRANADA;Plan de intervención DH;Sin minas
ANTIOQUIA;GUADALUPE;Tipo I;En intervención
ANTIOQUIA;GUARNE;Tipo II;Sin minas
ANTIOQUIA;GUATAPÉ;Tipo II;Sin minas
ANTIOQUIA;HELICONIA;Tipo IV;Sin minas
ANTIOQUIA;HISPANIA;Tipo IV;Sin minas
ANTIOQUIA;ITAGÜÍ;Tipo II;Sin minas
ANTIOQUIA;ITUANGO;Tipo I;En intervención
ANTIOQUIA;JARDÍN;Tipo II;Sin minas
ANTIOQUIA;JERICÓ;Tipo IV;Sin minas
ANTIOQUIA;LA CEJA;Tipo IV;Sin minas
ANTIOQUIA;LA ESTRELLA;Tipo IV;Sin minas
ANTIOQUIA;LA PINTADA;Tipo IV;Sin minas
ANTIOQUIA;LA UNIÓN;Plan de intervención DH;Sin minas
ANTIOQUIA;LIBORINA;Tipo II;En intervención
ANTIOQUIA;MACEO;Tipo I;En intervención
ANTIOQUIA;MARINILLA;Tipo III;Sin minas
ANTIOQUIA;MEDELLÍN;Tipo I;Sin minas
ANTIOQUIA;MONTEBELLO;Tipo II;En intervención
ANTIOQUIA;MURINDÓ;Tipo II;Por intervenir
ANTIOQUIA;MUTATÁ;Tipo I;Por intervenir
ANTIOQUIA;NARIÑO;Plan de intervención DH;Sin minas
ANTIOQUIA;NECHÍ;Tipo II;Por intervenir
ANTIOQUIA;NECOCLÍ;Tipo I;Por intervenir
ANTIOQUIA;OLAYA;Tipo IV;Sin minas
ANTIOQUIA;PEÑOL;Tipo II;Sin minas
ANTIOQUIA;PEQUE;Tipo I;Por intervenir
ANTIOQUIA;PUEBLORRICO;Tipo IV;Sin minas
ANTIOQUIA;PUERTO BERRÍO;Tipo II;En intervención
ANTIOQUIA;PUERTO NARE;Tipo III;Sin minas
ANTIOQUIA;PUERTO TRIUNFO;Tipo I;Sin minas
ANTIOQUIA;REMEDIOS;Tipo II;Por intervenir
ANTIOQUIA;RETIRO;Tipo IV;Sin minas
ANTIOQUIA;RIONEGRO;Tipo II;Sin minas
ANTIOQUIA;SABANALARGA;Tipo I;Sin minas
ANTIOQUIA;SABANETA;Tipo IV;Sin minas
ANTIOQUIA;SALGAR;Tipo IV;Sin minas
ANTIOQUIA;SAN ANDRÉS DE CUERQUÍA;Tipo I;En intervención
ANTIOQUIA;SAN CARLOS;Plan de intervención DH;Sin minas
ANTIOQUIA;SAN FRANCISCO;Plan de intervención DH;Sin minas
ANTIOQUIA;SAN JERÓNIMO;Tipo II;En intervención
ANTIOQUIA;SAN JOSÉ DE LA MONTAÑA;Tipo II;En intervención
ANTIOQUIA;SAN JUAN DE URABÁ;Tipo IV;Por intervenir
ANTIOQUIA;SAN LUIS;Tipo I;En intervención
ANTIOQUIA;SAN PEDRO DE LOS MILAGROS;Tipo IV;Sin minas
ANTIOQUIA;SAN PEDRO DE URABÁ;Tipo IV;Sin minas
ANTIOQUIA;SAN RAFAEL;Plan de intervención DH;En intervención
ANTIOQUIA;SAN ROQUE;Tipo II;En intervención
ANTIOQUIA;SAN VICENTE FERRER;Tipo II;Sin minas
ANTIOQUIA;SANTA BÁRBARA;Tipo III;Sin minas
ANTIOQUIA;SANTA FÉ DE ANTIOQUIA;Tipo I;En intervención
ANTIOQUIA;SANTA ROSA DE OSOS;Tipo II;En intervención
ANTIOQUIA;SANTO DOMINGO;Tipo II;En intervención
ANTIOQUIA;SEGOVIA;Tipo I;Por intervenir
ANTIOQUIA;SONSÓN;Plan de intervención DH;En intervención
ANTIOQUIA;SOPETRÁN;Tipo III;Sin minas
ANTIOQUIA;TÁMESIS;Tipo II;Sin minas
ANTIOQUIA;TARAZÁ;Tipo I;Por intervenir
ANTIOQUIA;TARSO;Tipo III;Sin minas
ANTIOQUIA;TITIRIBÍ;Tipo IV;Sin minas
ANTIOQUIA;TOLEDO;Tipo I;En intervención
ANTIOQUIA;TURBO;Tipo I;Por intervenir
ANTIOQUIA;URAMITA;Tipo III;Sin minas
ANTIOQUIA;URRAO;Tipo I;En intervención
ANTIOQUIA;VALDIVIA;Tipo I;Por intervenir
ANTIOQUIA;VALPARAÍSO;Tipo IV;Sin minas
ANTIOQUIA;VEGACHÍ;Tipo I;Por intervenir
ANTIOQUIA;VENECIA;Tipo III;Sin minas
ANTIOQUIA;VIGÍA DEL FUERTE;Tipo I;Por intervenir
ANTIOQUIA;YALÍ;Tipo II;Por intervenir
ANTIOQUIA;YARUMAL;Tipo I;Por intervenir
ANTIOQUIA;YOLOMBÓ;Tipo II;En intervención
ANTIOQUIA;YONDÓ;Tipo II;Por intervenir
ANTIOQUIA;ZARAGOZA;Tipo I;Por intervenir
ARAUCA;ARAUCA;Tipo I;Por intervenir
ARAUCA;ARAUQUITA;Tipo I;Por intervenir
ARAUCA;CRAVO NORTE;Tipo II;Por intervenir
ARAUCA;FORTUL;Tipo I;Por intervenir
ARAUCA;PUERTO RONDÓN;Tipo I;Por intervenir
ARAUCA;SARAVENA;Tipo I;Por intervenir
ARAUCA;TAME;Tipo I;Por intervenir
ARCHIPIÉLAGO DE SAN ANDRÉS, PROVIDENCIA Y SANTA CATALINA;PROVIDENCIA;Tipo IV;Sin minas
ARCHIPIÉLAGO DE SAN ANDRÉS, PROVIDENCIA Y SANTA CATALINA;SAN ANDRÉS;Tipo IV;Sin minas
ATLÁNTICO;BARANOA;Tipo IV;Sin minas
ATLÁNTICO;BARRANQUILLA;Tipo II;Sin minas
ATLÁNTICO;CAMPO DE LA CRUZ;Tipo IV;Sin minas
ATLÁNTICO;CANDELARIA;Tipo IV;Sin minas
ATLÁNTICO;GALAPA;Tipo III;Sin minas
ATLÁNTICO;JUAN DE ACOSTA;Tipo IV;Sin minas
ATLÁNTICO;LURUACO;Tipo IV;Sin minas
ATLÁNTICO;MALAMBO;Tipo IV;Sin minas
ATLÁNTICO;MANATÍ;Tipo IV;Sin minas
ATLÁNTICO;PALMAR DE VARELA;Tipo IV;Sin minas
ATLÁNTICO;PIOJÓ;Tipo IV;Sin minas
ATLÁNTICO;POLONUEVO;Tipo IV;Sin minas
ATLÁNTICO;PONEDERA;Tipo IV;Sin minas
ATLÁNTICO;PUERTO COLOMBIA;Tipo III;Sin minas
ATLÁNTICO;REPELÓN;Tipo IV;Sin minas
ATLÁNTICO;SABANAGRANDE;Tipo IV;Sin minas
ATLÁNTICO;SABANALARGA;Tipo II;Sin minas
ATLÁNTICO;SANTA LUCÍA;Tipo III;Sin minas
ATLÁNTICO;SANTO TOMÁS;Tipo IV;Sin minas
ATLÁNTICO;SOLEDAD;Tipo III;Sin minas
ATLÁNTICO;SUAN;Tipo IV;Sin minas
ATLÁNTICO;TUBARÁ;Tipo IV;Sin minas
ATLÁNTICO;USIACURÍ;Tipo IV;Sin minas
BOGOTÁ, D.C.;BOGOTÁ;Tipo I;En intervención
BOLÍVAR;ACHÍ;Tipo II;Por intervenir
BOLÍVAR;ALTOS DEL ROSARIO;Tipo III;Sin minas
BOLÍVAR;ARENAL;Tipo I;Por intervenir
BOLÍVAR;ARJONA;Tipo III;Sin minas
BOLÍVAR;ARROYOHONDO;Tipo IV;Sin minas
BOLÍVAR;BARRANCO DE LOBA;Tipo II;Por intervenir
BOLÍVAR;CALAMAR;Tipo III;Sin minas
BOLÍVAR;CANTAGALLO;Tipo I;Por intervenir
BOLÍVAR;CARTAGENA DE INDIAS;Tipo II;En intervención
BOLÍVAR;CICUCO;Tipo IV;Sin minas
BOLÍVAR;CLEMENCIA;Tipo IV;Sin minas
BOLÍVAR;CÓRDOBA;Plan de intervención DH;Sin minas
BOLÍVAR;EL CARMEN DE BOLÍVAR;Plan de intervención DH;En intervención
BOLÍVAR;EL GUAMO;Tipo II;En intervención
BOLÍVAR;EL PEÑÓN;Tipo IV;Sin minas
BOLÍVAR;HATILLO DE LOBA;Tipo IV;Sin minas
BOLÍVAR;MAGANGUÉ;Tipo IV;Sin minas
BOLÍVAR;MAHATES;Tipo IV;Sin minas
BOLÍVAR;MARGARITA;Tipo IV;Sin minas
BOLÍVAR;MARÍA LA BAJA;Tipo IV;Por intervenir
BOLÍVAR;MOMPÓS;Tipo IV;Sin minas
BOLÍVAR;MONTECRISTO;Tipo I;Por intervenir
BOLÍVAR;MORALES;Tipo I;Por intervenir
BOLÍVAR;NOROSÍ;Tipo I;Por intervenir
BOLÍVAR;PINILLOS;Tipo II;Sin minas
BOLÍVAR;REGIDOR;Tipo II;Sin minas
BOLÍVAR;RÍO VIEJO;Tipo II;Por intervenir
BOLÍVAR;SAN CRISTÓBAL;Tipo IV;Sin minas
BOLÍVAR;SAN ESTANISLAO;Tipo III;Sin minas
BOLÍVAR;SAN FERNANDO;Tipo IV;Sin minas
BOLÍVAR;SAN JACINTO;Plan de intervención DH;En intervención
BOLÍVAR;SAN JACINTO DEL CAUCA;Tipo II;Por intervenir
BOLÍVAR;SAN JUAN NEPOMUCENO;Plan de intervención DH;En intervención
BOLÍVAR;SAN MARTÍN DE LOBA;Tipo II;Por intervenir
BOLÍVAR;SAN PABLO;Tipo II;Por intervenir
BOLÍVAR;SANTA CATALINA;Tipo III;Sin minas
BOLÍVAR;SANTA ROSA;Tipo II;Sin minas
BOLÍVAR;SANTA ROSA DEL SUR;Tipo I;Por intervenir
BOLÍVAR;SIMITÍ;Tipo I;Por intervenir
BOLÍVAR;SOPLAVIENTO;Tipo IV;Sin minas
BOLÍVAR;TALAIGUA NUEVO;Tipo II;Sin minas
BOLÍVAR;TIQUISIO;Tipo II;Por intervenir
BOLÍVAR;TURBACO;Tipo IV;Sin minas
BOLÍVAR;TURBANÁ;Tipo IV;Sin minas
BOLÍVAR;VILLANUEVA;Tipo II;Sin minas
BOLÍVAR;ZAMBRANO;Plan de intervención DH;Sin minas
BOYACÁ;ALMEIDA;Tipo III;Sin minas
BOYACÁ;AQUITANIA;Tipo II;En intervención
BOYACÁ;ARCABUCO;Tipo IV;Sin minas
BOYACÁ;BELÉN;Tipo III;Sin minas
BOYACÁ;BERBEO;Tipo IV;Sin minas
BOYACÁ;BETÉITIVA;Tipo IV;Sin minas
BOYACÁ;BOAVITA;Tipo IV;Sin minas
BOYACÁ;BOYACÁ;Tipo IV;Sin minas
BOYACÁ;BRICEÑO;Tipo IV;Sin minas
BOYACÁ;BUENAVISTA;Tipo IV;Sin minas
BOYACÁ;BUSBANZÁ;Tipo IV;Sin minas
BOYACÁ;CALDAS;Tipo IV;Sin minas
BOYACÁ;CAMPOHERMOSO;Tipo III;Sin minas
BOYACÁ;CERINZA;Tipo III;Sin minas
BOYACÁ;CHINAVITA;Tipo IV;Sin minas
BOYACÁ;CHIQUINQUIRÁ;Tipo IV;Sin minas
BOYACÁ;CHÍQUIZA;Tipo IV;Sin minas
BOYACÁ;CHISCAS;Tipo II;En intervención
BOYACÁ;CHITA;Tipo II;Por intervenir
BOYACÁ;CHITARAQUE;Tipo IV;Sin minas
BOYACÁ;CHIVATÁ;Tipo IV;Sin minas
BOYACÁ;CHIVOR;Tipo IV;Sin minas
BOYACÁ;CIÉNEGA;Tipo IV;Sin minas
BOYACÁ;CÓMBITA;Tipo IV;Sin minas
BOYACÁ;COPER;Tipo III;Sin minas
BOYACÁ;CORRALES;Tipo IV;Sin minas
BOYACÁ;COVARACHÍA;Tipo IV;Sin minas
BOYACÁ;CUBARÁ;Tipo I;Por intervenir
BOYACÁ;CUCAITA;Tipo IV;Sin minas
BOYACÁ;CUÍTIVA;Tipo IV;Sin minas
BOYACÁ;DUITAMA;Tipo II;Sin minas
BOYACÁ;EL COCUY;Tipo II;En intervención
BOYACÁ;EL ESPINO;Tipo III;Sin minas
BOYACÁ;FIRAVITOBA;Tipo IV;Sin minas
BOYACÁ;FLORESTA;Tipo IV;Sin minas
BOYACÁ;GACHANTIVÁ;Tipo IV;Sin minas
BOYACÁ;GÁMEZA;Tipo III;Sin minas
BOYACÁ;GARAGOA;Tipo II;Sin minas
BOYACÁ;GUACAMAYAS;Tipo IV;Sin minas
BOYACÁ;GUATEQUE;Tipo IV;Sin minas
BOYACÁ;GUAYATÁ;Tipo IV;Sin minas
BOYACÁ;GÜICÁN;Tipo III;Por intervenir
BOYACÁ;IZA;Tipo IV;Sin minas
BOYACÁ;JENESANO;Tipo IV;Sin minas
BOYACÁ;JERICÓ;Tipo III;Sin minas
BOYACÁ;LA CAPILLA;Tipo IV;Sin minas
BOYACÁ;LA UVITA;Tipo III;Sin minas
BOYACÁ;LA VICTORIA;Tipo IV;Sin minas
BOYACÁ;LABRANZAGRANDE;Tipo I;Por intervenir
BOYACÁ;MACANAL;Tipo III;Sin minas
BOYACÁ;MARIPÍ;Tipo III;Sin minas
BOYACÁ;MIRAFLORES;Tipo IV;Sin minas
BOYACÁ;MONGUA;Tipo III;Sin minas
BOYACÁ;MONGUÍ;Tipo IV;Sin minas
BOYACÁ;MONIQUIRÁ;Tipo III;Sin minas
BOYACÁ;MOTAVITA;Tipo IV;Sin minas
BOYACÁ;MUZO;Tipo IV;Sin minas
BOYACÁ;NOBSA;Tipo IV;Sin minas
BOYACÁ;NUEVO COLÓN;Tipo IV;Sin minas
BOYACÁ;OICATÁ;Tipo IV;Sin minas
BOYACÁ;OTANCHE;Tipo II;Sin minas
BOYACÁ;PACHAVITA;Tipo IV;Sin minas
BOYACÁ;PÁEZ;Tipo II;Sin minas
BOYACÁ;PAIPA;Tipo IV;Sin minas
BOYACÁ;PAJARITO;Tipo II;Por intervenir
BOYACÁ;PANQUEBA;Tipo IV;Sin minas
BOYACÁ;PAUNA;Tipo II;Sin minas
BOYACÁ;PAYA;Tipo II;En intervención
BOYACÁ;PAZ DE RÍO;Tipo IV;Sin minas
BOYACÁ;PESCA;Tipo III;En intervención
BOYACÁ;PISBA;Tipo I;Por intervenir
BOYACÁ;PUERTO BOYACÁ;Tipo III;Sin minas
BOYACÁ;QUÍPAMA;Tipo II;Sin minas
BOYACÁ;RAMIRIQUÍ;Tipo IV;Sin minas
BOYACÁ;RÁQUIRA;Tipo IV;Sin minas
BOYACÁ;RONDÓN;Tipo IV;Sin minas
BOYACÁ;SABOYÁ;Tipo IV;Sin minas
BOYACÁ;SÁCHICA;Tipo IV;Sin minas
BOYACÁ;SAMACÁ;Tipo IV;Sin minas
BOYACÁ;SAN EDUARDO;Tipo III;Sin minas
BOYACÁ;SAN JOSÉ DE PARE;Tipo IV;Sin minas
BOYACÁ;SAN LUIS DE GACENO;Tipo III;Sin minas
BOYACÁ;SAN MATEO;Tipo III;Sin minas
BOYACÁ;SAN MIGUEL DE SEMA;Tipo IV;Sin minas
BOYACÁ;SAN PABLO DE BORBUR;Tipo III;Sin minas
BOYACÁ;SANTA MARÍA;Tipo III;Sin minas
BOYACÁ;SANTA ROSA DE VITERBO;Tipo IV;Sin minas
BOYACÁ;SANTA SOFÍA;Tipo IV;Sin minas
BOYACÁ;SANTANA;Tipo IV;Sin minas
BOYACÁ;SATIVANORTE;Tipo III;Sin minas
BOYACÁ;SATIVASUR;Tipo III;Sin minas
BOYACÁ;SIACHOQUE;Tipo IV;Sin minas
BOYACÁ;SOATÁ;Tipo IV;Sin minas
BOYACÁ;SOCHA;Tipo IV;Sin minas
BOYACÁ;SOCOTÁ;Tipo III;Sin minas
BOYACÁ;SOGAMOSO;Tipo II;Sin minas
BOYACÁ;SOMONDOCO;Tipo IV;Sin minas
BOYACÁ;SORA;Tipo IV;Sin minas
BOYACÁ;SORACÁ;Tipo IV;Sin minas
BOYACÁ;SOTAQUIRÁ;Tipo IV;Sin minas
BOYACÁ;SUSACÓN;Tipo III;Sin minas
BOYACÁ;SUTAMARCHÁN;Tipo IV;Sin minas
BOYACÁ;SUTATENZA;Tipo III;Sin minas
BOYACÁ;TASCO;Tipo II;En intervención
BOYACÁ;TENZA;Tipo IV;Sin minas
BOYACÁ;TIBANÁ;Tipo IV;Sin minas
BOYACÁ;TIBASOSA;Tipo IV;Sin minas
BOYACÁ;TINJACÁ;Tipo IV;Sin minas
BOYACÁ;TIPACOQUE;Tipo IV;Sin minas
BOYACÁ;TOCA;Tipo IV;Sin minas
BOYACÁ;TOGÜÍ;Tipo IV;Sin minas
BOYACÁ;TÓPAGA;Tipo IV;Sin minas
BOYACÁ;TOTA;Tipo IV;Sin minas
BOYACÁ;TUNJA;Tipo III;Sin minas
BOYACÁ;TUNUNGUÁ;Tipo III;Sin minas
BOYACÁ;TURMEQUÉ;Tipo IV;Sin minas
BOYACÁ;TUTA;Tipo IV;Sin minas
BOYACÁ;TUTAZÁ;Tipo IV;Sin minas
BOYACÁ;ÚMBITA;Tipo IV;Sin minas
BOYACÁ;VENTAQUEMADA;Tipo IV;Sin minas
BOYACÁ;VILLA DE LEYVA;Tipo IV;Sin minas
BOYACÁ;VIRACACHÁ;Tipo IV;Sin minas
BOYACÁ;ZETAQUIRA;Tipo II;Sin minas
CALDAS;AGUADAS;Tipo II;En intervención
CALDAS;ANSERMA;Tipo II;En intervención
CALDAS;ARANZAZU;Tipo IV;Sin minas
CALDAS;BELALCÁZAR;Tipo IV;Sin minas
CALDAS;CHINCHINÁ;Tipo IV;Sin minas
CALDAS;FILADELFIA;Tipo II;Sin minas
CALDAS;LA DORADA;Tipo II;Sin minas
CALDAS;LA MERCED;Tipo IV;Sin minas
CALDAS;MANIZALES;Tipo II;En intervención
CALDAS;MANZANARES;Tipo II;En intervención
CALDAS;MARMATO;Tipo III;Sin minas
CALDAS;MARQUETALIA;Tipo IV;Sin minas
CALDAS;MARULANDA;Tipo II;En intervención
CALDAS;NEIRA;Tipo IV;Sin minas
CALDAS;NORCASIA;Tipo II;En intervención
CALDAS;PÁCORA;Tipo II;En intervención
CALDAS;PALESTINA;Tipo IV;Sin minas
CALDAS;PENSILVANIA;Tipo II;En intervención
CALDAS;RIOSUCIO;Tipo II;En intervención
CALDAS;RISARALDA;Tipo II;Sin minas
CALDAS;SALAMINA;Tipo II;Sin minas
CALDAS;SAMANÁ;Plan de intervención DH;En intervención
CALDAS;SAN JOSÉ;Tipo IV;Sin minas
CALDAS;SUPÍA;Tipo II;Sin minas
CALDAS;VICTORIA;Tipo IV;Sin minas
CALDAS;VILLAMARÍA;Tipo IV;Sin minas
CALDAS;VITERBO;Tipo IV;Sin minas
CAQUETÁ;ALBANIA;Tipo III;Sin minas
CAQUETÁ;BELÉN DE LOS ANDAQUÍES;Tipo I;En intervención
CAQUETÁ;CARTAGENA DEL CHAIRÁ;Tipo I;En intervención
CAQUETÁ;CURILLO;Tipo I;Por intervenir
CAQUETÁ;EL DONCELLO;Tipo I;En intervención
CAQUETÁ;EL PAUJÍL;Tipo I;En intervención
CAQUETÁ;FLORENCIA;Tipo I;En intervención
CAQUETÁ;LA MONTAÑITA;Tipo I;En intervención
CAQUETÁ;MILÁN;Tipo I;En intervención
CAQUETÁ;MORELIA;Tipo II;En intervención
CAQUETÁ;PUERTO RICO;Tipo I;En intervención
CAQUETÁ;SAN JOSÉ DEL FRAGUA;Tipo I;En intervención
CAQUETÁ;SAN VICENTE DEL CAGUÁN;Tipo I;En intervención
CAQUETÁ;SOLANO;Tipo I;Por intervenir
CAQUETÁ;SOLITA;Tipo II;Por intervenir
CAQUETÁ;VALPARAÍSO;Tipo II;Sin minas
CASANARE;AGUAZUL;Tipo I;En intervención
CASANARE;CHÁMEZA;Tipo II;Sin minas
CASANARE;HATO COROZAL;Tipo II;Por intervenir
CASANARE;LA SALINA;Tipo II;Por intervenir
CASANARE;MANÍ;Tipo IV;Sin minas
CASANARE;MONTERREY;Tipo IV;Sin minas
CASANARE;NUNCHÍA;Tipo III;En intervención
CASANARE;OROCUÉ;Tipo IV;Sin minas
CASANARE;PAZ DE ARIPORO;Tipo I;Por intervenir
CASANARE;PORE;Tipo III;Sin minas
CASANARE;RECETOR;Tipo III;Sin minas
CASANARE;SABANALARGA;Tipo IV;Sin minas
CASANARE;SÁCAMA;Tipo I;Por intervenir
CASANARE;SAN LUIS DE PALENQUE;Tipo IV;Sin minas
CASANARE;TÁMARA;Tipo II;Por intervenir
CASANARE;TAURAMENA;Tipo II;Sin minas
CASANARE;TRINIDAD;Tipo III;Sin minas
CASANARE;VILLANUEVA;Tipo III;En intervención
CASANARE;YOPAL;Tipo I;Sin minas
CAUCA;ALMAGUER;Tipo II;Por intervenir
CAUCA;ARGELIA;Tipo I;Por intervenir
CAUCA;BALBOA;Tipo I;En intervención
CAUCA;BOLÍVAR;Tipo II;En intervención
CAUCA;BUENOS AIRES;Tipo I;En intervención
CAUCA;CAJIBÍO;Tipo I;En intervención
CAUCA;CALDONO;Tipo I;Por intervenir
CAUCA;CALOTO;Tipo I;En intervención
CAUCA;CORINTO;Tipo I;En intervención
CAUCA;EL TAMBO;Tipo I;Por intervenir
CAUCA;FLORENCIA;Tipo II;Sin minas
CAUCA;GUACHENÉ;Tipo III;Sin minas
CAUCA;GUAPÍ;Tipo III;Por intervenir
CAUCA;INZÁ;Tipo II;En intervención
CAUCA;JAMBALÓ;Tipo I;Por intervenir
CAUCA;LA SIERRA;Tipo II;En intervención
CAUCA;LA VEGA;Tipo II;Por intervenir
CAUCA;LÓPEZ DE MICAY;Tipo I;Por intervenir
CAUCA;MERCADERES;Tipo I;Sin minas
CAUCA;MIRANDA;Tipo I;En intervención
CAUCA;MORALES;Tipo I;Por intervenir
CAUCA;PADILLA;Tipo III;Sin minas
CAUCA;PÁEZ;Tipo II;En intervención
CAUCA;PATÍA;Tipo II;Por intervenir
CAUCA;PIAMONTE;Tipo III;Sin minas
CAUCA;PIENDAMÓ;Tipo II;Sin minas
CAUCA;POPAYÁN;Tipo II;Sin minas
CAUCA;PUERTO TEJADA;Tipo III;Sin minas
CAUCA;PURACÉ;Tipo I;En intervención
CAUCA;ROSAS;Tipo IV;Sin minas
CAUCA;SAN SEBASTIÁN;Tipo II;En intervención
CAUCA;SANTA ROSA;Tipo I;En intervención
CAUCA;SANTANDER DE QUILICHAO;Tipo II;En intervención
CAUCA;SILVIA;Tipo II;En intervención
CAUCA;SOTARA;Tipo III;Sin minas
CAUCA;SUÁREZ;Tipo I;En intervención
CAUCA;SUCRE;Tipo III;Sin minas
CAUCA;TIMBÍO;Tipo II;Sin minas
CAUCA;TIMBIQUÍ;Tipo III;Por intervenir
CAUCA;TORIBÍO;Tipo II;Por intervenir
CAUCA;TOTORÓ;Tipo II;En intervención
CAUCA;VILLA RICA;Tipo III;Sin minas
CESAR;AGUACHICA;Tipo II;En intervención
CESAR;AGUSTÍN CODAZZI;Tipo II;Por intervenir
CESAR;ASTREA;Tipo IV;Sin minas
CESAR;BECERRIL;Tipo II;Por intervenir
CESAR;BOSCONIA;Tipo II;Sin minas
CESAR;CHIMICHAGUA;Tipo III;En intervención
CESAR;CHIRIGUANÁ;Tipo II;En intervención
CESAR;CURUMANÍ;Tipo II;Por intervenir
CESAR;EL COPEY;Tipo II;Sin minas
CESAR;EL PASO;Tipo III;Sin minas
CESAR;GAMARRA;Tipo III;Sin minas
CESAR;GONZÁLEZ;Tipo III;Sin minas
CESAR;LA GLORIA;Tipo III;Por intervenir
CESAR;LA JAGUA DE IBIRICO;Tipo II;Por intervenir
CESAR;LA PAZ;Tipo II;En intervención
CESAR;MANAURE BALCÓN DEL CESAR;Tipo I;En intervención
CESAR;PAILITAS;Tipo II;Por intervenir
CESAR;PELAYA;Tipo II;Por intervenir
CESAR;PUEBLO BELLO;Tipo II;Sin minas
CESAR;RÍO DE ORO;Tipo III;Por intervenir
CESAR;SAN ALBERTO;Tipo II;En intervención
CESAR;SAN DIEGO;Tipo III;Sin minas
CESAR;SAN MARTÍN;Tipo II;En intervención
CESAR;TAMALAMEQUE;Tipo IV;Sin minas
CESAR;VALLEDUPAR;Tipo II;En intervención
CHOCÓ;ACANDÍ;Tipo I;Por intervenir
CHOCÓ;ALTO BAUDÓ;Tipo I;Por intervenir
CHOCÓ;ATRATO;Tipo IV;Sin minas
CHOCÓ;BAGADÓ;Tipo I;Por intervenir
CHOCÓ;BAHÍA SOLANO;Tipo I;Por intervenir
CHOCÓ;BAJO BAUDÓ;Tipo III;Por intervenir
CHOCÓ;BOJAYÁ;Tipo II;Por intervenir
CHOCÓ;CARMEN DEL DARIÉN;Tipo I;Por intervenir
CHOCÓ;CÉRTEGUI;Tipo I;Por intervenir
CHOCÓ;CONDOTO;Tipo III;Sin minas
CHOCÓ;EL CANTÓN DEL SAN PABLO;Tipo IV;Por intervenir
CHOCÓ;EL CARMEN DE ATRATO;Tipo I;En intervención
CHOCÓ;EL LITORAL DEL SAN JUAN;Tipo II;Por intervenir
CHOCÓ;ISTMINA;Tipo II;Por intervenir
CHOCÓ;JURADÓ;Tipo II;Por intervenir
CHOCÓ;LLORÓ;Tipo I;Por intervenir
CHOCÓ;MEDIO ATRATO;Tipo I;Por intervenir
CHOCÓ;MEDIO BAUDÓ;Tipo III;Por intervenir
CHOCÓ;MEDIO SAN JUAN;Tipo III;Por intervenir
CHOCÓ;NÓVITA;Tipo I;Por intervenir
CHOCÓ;NUQUÍ;Tipo I;Por intervenir
CHOCÓ;QUIBDÓ;Tipo I;En intervención
CHOCÓ;RÍO IRÓ;Tipo I;Por intervenir
CHOCÓ;RÍO QUITO;Tipo IV;Por intervenir
CHOCÓ;RIOSUCIO;Tipo I;Por intervenir
CHOCÓ;SAN JOSÉ DEL PALMAR;Tipo II;Por intervenir
CHOCÓ;SIPÍ;Tipo I;Por intervenir
CHOCÓ;TADÓ;Tipo I;En intervención
CHOCÓ;UNGUÍA;Tipo I;Por intervenir
CHOCÓ;UNIÓN PANAMERICANA;Tipo IV;Sin minas
CÓRDOBA;AYAPEL;Tipo IV;Sin minas
CÓRDOBA;BUENAVISTA;Tipo IV;Sin minas
CÓRDOBA;CANALETE;Tipo IV;Sin minas
CÓRDOBA;CERETÉ;Tipo IV;Sin minas
CÓRDOBA;CHIMÁ;Tipo IV;Sin minas
CÓRDOBA;CHINÚ;Tipo IV;Sin minas
CÓRDOBA;CIÉNAGA DE ORO;Tipo I;Sin minas
CÓRDOBA;COTORRA;Tipo IV;Sin minas
CÓRDOBA;LA APARTADA;Tipo IV;Sin minas
CÓRDOBA;LORICA;Tipo IV;Sin minas
CÓRDOBA;LOS CÓRDOBAS;Tipo IV;Sin minas
CÓRDOBA;MOMIL;Tipo IV;Sin minas
CÓRDOBA;MOÑITOS;Tipo IV;Sin minas
CÓRDOBA;MONTELÍBANO;Tipo I;Por intervenir
CÓRDOBA;MONTERÍA;Tipo I;Sin minas
CÓRDOBA;PLANETA RICA;Tipo IV;Sin minas
CÓRDOBA;PUEBLO NUEVO;Tipo IV;Sin minas
CÓRDOBA;PUERTO ESCONDIDO;Tipo IV;Sin minas
CÓRDOBA;PUERTO LIBERTADOR;Tipo I;Por intervenir
CÓRDOBA;PURÍSIMA DE LA CONCEPCIÓN;Tipo IV;Sin minas
CÓRDOBA;SAHAGÚN;Tipo III;Sin minas
CÓRDOBA;SAN ANDRÉS DE SOTAVENTO;Tipo IV;Sin minas
CÓRDOBA;SAN ANTERO;Tipo IV;Sin minas
CÓRDOBA;SAN BERNARDO DEL VIENTO;Tipo IV;Sin minas
CÓRDOBA;SAN CARLOS;Tipo IV;Sin minas
CÓRDOBA;SAN JOSÉ DE URÉ;Tipo III;Por intervenir
CÓRDOBA;SAN PELAYO;Tipo IV;Sin minas
CÓRDOBA;TIERRALTA;Tipo I;Por intervenir
CÓRDOBA;TUCHÍN;Tipo IV;Sin minas
CÓRDOBA;VALENCIA;Tipo III;Sin minas
CUNDINAMARCA;AGUA DE DIOS;Tipo IV;Sin minas
CUNDINAMARCA;ALBÁN;Tipo II;Sin minas
CUNDINAMARCA;ANAPOIMA;Tipo IV;Sin minas
CUNDINAMARCA;ANOLAIMA;Tipo IV;Sin minas
CUNDINAMARCA;APULO;Tipo IV;Sin minas
CUNDINAMARCA;ARBELÁEZ;Tipo III;Sin minas
CUNDINAMARCA;BELTRÁN;Tipo II;Sin minas
CUNDINAMARCA;BITUIMA;Tipo III;Sin minas
CUNDINAMARCA;BOJACÁ;Tipo IV;Sin minas
CUNDINAMARCA;CABRERA;Tipo II;En intervención
CUNDINAMARCA;CACHIPAY;Tipo IV;Sin minas
CUNDINAMARCA;CAJICÁ;Tipo IV;Sin minas
CUNDINAMARCA;CAPARRAPÍ;Tipo II;Sin minas
CUNDINAMARCA;CÁQUEZA;Tipo II;Sin minas
CUNDINAMARCA;CARMEN DE CARUPA;Tipo IV;Sin minas
CUNDINAMARCA;CHAGUANÍ;Tipo II;Sin minas
CUNDINAMARCA;CHÍA;Tipo IV;Sin minas
CUNDINAMARCA;CHIPAQUE;Tipo I;Sin minas
CUNDINAMARCA;CHOACHÍ;Tipo IV;Sin minas
CUNDINAMARCA;CHOCONTÁ;Tipo II;Sin minas
CUNDINAMARCA;COGUA;Tipo IV;Sin minas
CUNDINAMARCA;COTA;Tipo IV;Sin minas
CUNDINAMARCA;CUCUNUBÁ;Tipo IV;Sin minas
CUNDINAMARCA;EL COLEGIO;Tipo IV;Sin minas
CUNDINAMARCA;EL PEÑÓN;Tipo II;Sin minas
CUNDINAMARCA;EL ROSAL;Tipo IV;Sin minas
CUNDINAMARCA;FACATATIVÁ;Tipo IV;Sin minas
CUNDINAMARCA;FÓMEQUE;Tipo II;Sin minas
CUNDINAMARCA;FOSCA;Tipo III;Sin minas
CUNDINAMARCA;FUNZA;Tipo IV;Sin minas
CUNDINAMARCA;FÚQUENE;Tipo IV;Sin minas
CUNDINAMARCA;FUSAGASUGÁ;Tipo III;Sin minas
CUNDINAMARCA;GACHALÁ;Tipo III;Sin minas
CUNDINAMARCA;GACHANCIPÁ;Tipo IV;Sin minas
CUNDINAMARCA;GACHETÁ;Tipo II;Sin minas
CUNDINAMARCA;GAMA;Tipo II;Sin minas
CUNDINAMARCA;GIRARDOT;Tipo IV;Sin minas
CUNDINAMARCA;GRANADA;Tipo IV;Sin minas
CUNDINAMARCA;GUACHETÁ;Tipo IV;Sin minas
CUNDINAMARCA;GUADUAS;Tipo II;Sin minas
CUNDINAMARCA;GUASCA;Tipo II;Sin minas
CUNDINAMARCA;GUATAQUÍ;Tipo III;Sin minas
CUNDINAMARCA;GUATAVITA;Tipo III;Sin minas
CUNDINAMARCA;GUAYABAL DE SÍQUIMA;Tipo II;En intervención
CUNDINAMARCA;GUAYABETAL;Tipo II;Sin minas
CUNDINAMARCA;GUTIÉRREZ;Tipo II;Sin minas
CUNDINAMARCA;JERUSALÉN;Tipo III;Sin minas
CUNDINAMARCA;JUNÍN;Tipo III;Sin minas
CUNDINAMARCA;LA CALERA;Tipo IV;Sin minas
CUNDINAMARCA;LA MESA;Tipo IV;Sin minas
CUNDINAMARCA;LA PALMA;Tipo II;Sin minas
CUNDINAMARCA;LA PEÑA;Tipo II;Sin minas
CUNDINAMARCA;LA VEGA;Tipo III;Sin minas
CUNDINAMARCA;LENGUAZAQUE;Tipo IV;Sin minas
CUNDINAMARCA;MACHETÁ;Tipo II;Sin minas
CUNDINAMARCA;MADRID;Tipo IV;Sin minas
CUNDINAMARCA;MANTA;Tipo IV;Sin minas
CUNDINAMARCA;MEDINA;Tipo II;Sin minas
CUNDINAMARCA;MOSQUERA;Tipo III;Sin minas
CUNDINAMARCA;NARIÑO;Tipo III;Sin minas
CUNDINAMARCA;NEMOCÓN;Tipo IV;Sin minas
CUNDINAMARCA;NILO;Tipo II;Sin minas
CUNDINAMARCA;NIMAIMA;Tipo IV;Sin minas
CUNDINAMARCA;NOCAIMA;Tipo IV;Sin minas
CUNDINAMARCA;PACHO;Tipo IV;Sin minas
CUNDINAMARCA;PAIME;Tipo III;Sin minas
CUNDINAMARCA;PANDI;Tipo II;Sin minas
CUNDINAMARCA;PARATEBUENO;Tipo III;Sin minas
CUNDINAMARCA;PASCA;Tipo II;Sin minas
CUNDINAMARCA;PUERTO SALGAR;Tipo IV;Sin minas
CUNDINAMARCA;PULÍ;Tipo II;Sin minas
CUNDINAMARCA;QUEBRADANEGRA;Tipo II;Sin minas
CUNDINAMARCA;QUETAME;Tipo II;Sin minas
CUNDINAMARCA;QUIPILE;Tipo IV;Sin minas
CUNDINAMARCA;RICAURTE;Tipo IV;Sin minas
CUNDINAMARCA;SAN ANTONIO DEL TEQUENDAMA;Tipo IV;Sin minas
CUNDINAMARCA;SAN BERNARDO;Tipo II;Sin minas
CUNDINAMARCA;SAN CAYETANO;Tipo IV;Sin minas
CUNDINAMARCA;SAN FRANCISCO;Tipo IV;Sin minas
CUNDINAMARCA;SAN JUAN DE RIOSECO;Tipo II;Sin minas
CUNDINAMARCA;SASAIMA;Tipo II;Sin minas
CUNDINAMARCA;SESQUILÉ;Tipo II;Sin minas
CUNDINAMARCA;SIBATÉ;Tipo III;Sin minas
CUNDINAMARCA;SILVANIA;Tipo III;Sin minas
CUNDINAMARCA;SIMIJACA;Tipo IV;Sin minas
CUNDINAMARCA;SOACHA;Tipo IV;Sin minas
CUNDINAMARCA;SOPÓ;Tipo IV;Sin minas
CUNDINAMARCA;SUBACHOQUE;Tipo IV;Sin minas
CUNDINAMARCA;SUESCA;Tipo IV;Sin minas
CUNDINAMARCA;SUPATÁ;Tipo IV;Sin minas
CUNDINAMARCA;SUSA;Tipo IV;Sin minas
CUNDINAMARCA;SUTATAUSA;Tipo IV;Sin minas
CUNDINAMARCA;TABIO;Tipo IV;Sin minas
CUNDINAMARCA;TAUSA;Tipo IV;Sin minas
CUNDINAMARCA;TENA;Tipo IV;Sin minas
CUNDINAMARCA;TENJO;Tipo IV;Sin minas
CUNDINAMARCA;TIBACUY;Tipo IV;Sin minas
CUNDINAMARCA;TIBIRITA;Tipo IV;Sin minas
CUNDINAMARCA;TOCAIMA;Tipo IV;Sin minas
CUNDINAMARCA;TOCANCIPÁ;Tipo IV;Sin minas
CUNDINAMARCA;TOPAIPÍ;Tipo II;Sin minas
CUNDINAMARCA;UBALÁ;Tipo III;Sin minas
CUNDINAMARCA;UBAQUE;Tipo IV;Sin minas
CUNDINAMARCA;UNE;Tipo II;Sin minas
CUNDINAMARCA;ÚTICA;Tipo II;Sin minas
CUNDINAMARCA;VENECIA;Tipo III;Sin minas
CUNDINAMARCA;VERGARA;Tipo II;Sin minas
CUNDINAMARCA;VIANÍ;Tipo II;Sin minas
CUNDINAMARCA;VILLA DE SAN DIEGO DE UBATÉ;Tipo III;Sin minas
CUNDINAMARCA;VILLAGÓMEZ;Tipo II;Sin minas
CUNDINAMARCA;VILLAPINZÓN;Tipo II;Sin minas
CUNDINAMARCA;VILLETA;Tipo III;Sin minas
CUNDINAMARCA;VIOTÁ;Tipo III;Sin minas
CUNDINAMARCA;YACOPÍ;Tipo III;Sin minas
CUNDINAMARCA;ZIPACÓN;Tipo IV;Sin minas
CUNDINAMARCA;ZIPAQUIRÁ;Tipo IV;Sin minas
GUAINÍA;BARRANCO MINAS;Tipo II;En intervención
GUAINÍA;CACAHUAL;Tipo IV;Sin minas
GUAINÍA;INÍRIDA;Tipo II;Sin minas
GUAINÍA;LA GUADALUPE;Tipo IV;Sin minas
GUAINÍA;MAPIRIPANA;Tipo IV;Sin minas
GUAINÍA;MORICHAL;Tipo III;Sin minas
GUAINÍA;PANA PANA;Tipo IV;Sin minas
GUAINÍA;PUERTO COLOMBIA;Tipo IV;Sin minas
GUAINÍA;SAN FELIPE;Tipo IV;Sin minas
GUAVIARE;CALAMAR;Tipo I;Por intervenir
GUAVIARE;EL RETORNO;Tipo I;Por intervenir
GUAVIARE;MIRAFLORES;Tipo I;En intervención
GUAVIARE;SAN JOSÉ DEL GUAVIARE;Tipo I;Por intervenir
HUILA;ACEVEDO;Tipo II;En intervención
HUILA;AGRADO;Tipo IV;Sin minas
HUILA;AIPE;Tipo III;En intervención
HUILA;ALGECIRAS;Tipo I;En intervención
HUILA;ALTAMIRA;Tipo III;Sin minas
HUILA;BARAYA;Tipo I;En intervención
HUILA;CAMPOALEGRE;Tipo III;Sin minas
HUILA;COLOMBIA;Tipo I;En intervención
HUILA;ELÍAS;Tipo IV;Sin minas
HUILA;GARZÓN;Tipo II;Sin minas
HUILA;GIGANTE;Tipo II;Sin minas
HUILA;GUADALUPE;Tipo IV;Sin minas
HUILA;HOBO;Tipo III;Sin minas
HUILA;ÍQUIRA;Tipo III;En intervención
HUILA;ISNOS;Tipo I;Sin minas
HUILA;LA ARGENTINA;Tipo I;Sin minas
HUILA;LA PLATA;Tipo I;Sin minas
HUILA;NÁTAGA;Tipo III;Sin minas
HUILA;NEIVA;Tipo I;En intervención
HUILA;OPORAPA;Tipo IV;Sin minas
HUILA;PAICOL;Tipo III;Sin minas
HUILA;PALERMO;Tipo II;En intervención
HUILA;PALESTINA;Tipo IV;Sin minas
HUILA;PITAL;Tipo III;Sin minas
HUILA;PITALITO;Tipo II;En intervención
HUILA;RIVERA;Tipo II;Sin minas
HUILA;SALADOBLANCO;Tipo III;Sin minas
HUILA;SAN AGUSTÍN;Tipo I;Sin minas
HUILA;SANTA MARÍA;Tipo I;En intervención
HUILA;SUAZA;Tipo II;Sin minas
HUILA;TARQUI;Tipo III;Sin minas
HUILA;TELLO;Tipo I;En intervención
HUILA;TERUEL;Tipo III;Sin minas
HUILA;TESALIA;Tipo III;Sin minas
HUILA;TIMANÁ;Tipo IV;Sin minas
HUILA;VILLAVIEJA;Tipo IV;Sin minas
HUILA;YAGUARÁ;Tipo III;Sin minas
LA GUAJIRA;ALBANIA;Tipo I;Sin minas
LA GUAJIRA;BARRANCAS;Tipo III;Por intervenir
LA GUAJIRA;DIBULLA;Tipo II;Sin minas
LA GUAJIRA;DISTRACCIÓN;Tipo III;Sin minas
LA GUAJIRA;EL MOLINO;Tipo I;Por intervenir
LA GUAJIRA;FONSECA;Tipo II;Por intervenir
LA GUAJIRA;HATONUEVO;Tipo III;Sin minas
LA GUAJIRA;LA JAGUA DEL PILAR;Tipo II;Por intervenir
LA GUAJIRA;MAICAO;Tipo III;Sin minas
LA GUAJIRA;MANAURE;Tipo III;Sin minas
LA GUAJIRA;RIOHACHA;Tipo II;En intervención
LA GUAJIRA;SAN JUAN DEL CESAR;Tipo II;En intervención
LA GUAJIRA;URIBIA;Tipo II;Sin minas
LA GUAJIRA;URUMITA;Tipo I;Por intervenir
LA GUAJIRA;VILLANUEVA;Tipo II;Por intervenir
MAGDALENA;ALGARROBO;Tipo IV;Sin minas
MAGDALENA;ARACATACA;Tipo II;Sin minas
MAGDALENA;ARIGUANÍ;Tipo IV;Sin minas
MAGDALENA;CERRO DE SAN ANTONIO;Tipo IV;Sin minas
MAGDALENA;CHIVOLO;Tipo III;Sin minas
MAGDALENA;CIÉNAGA;Tipo II;Sin minas
MAGDALENA;CONCORDIA;Tipo IV;Sin minas
MAGDALENA;EL BANCO;Tipo IV;Sin minas
MAGDALENA;EL PIÑÓN;Tipo IV;Sin minas
MAGDALENA;EL RETÉN;Tipo IV;Sin minas
MAGDALENA;FUNDACIÓN;Tipo II;Sin minas
MAGDALENA;GUAMAL;Tipo IV;Sin minas
MAGDALENA;NUEVA GRANADA;Tipo III;Sin minas
MAGDALENA;PEDRAZA;Tipo IV;Sin minas
MAGDALENA;PIJIÑO DEL CARMEN;Tipo IV;Sin minas
MAGDALENA;PIVIJAY;Tipo III;Sin minas
MAGDALENA;PLATO;Tipo II;Sin minas
MAGDALENA;PUEBLOVIEJO;Tipo IV;Sin minas
MAGDALENA;REMOLINO;Tipo IV;Sin minas
MAGDALENA;SABANAS DE SAN ÁNGEL;Tipo IV;Sin minas
MAGDALENA;SALAMINA;Tipo IV;Sin minas
MAGDALENA;SAN SEBASTIÁN DE BUENAVISTA;Tipo IV;Sin minas
MAGDALENA;SAN ZENÓN;Tipo IV;Sin minas
MAGDALENA;SANTA ANA;Tipo IV;Sin minas
MAGDALENA;SANTA BÁRBARA DE PINTO;Tipo IV;Sin minas
MAGDALENA;SANTA MARTA;Tipo I;Sin minas
MAGDALENA;SITIONUEVO;Tipo IV;Sin minas
MAGDALENA;TENERIFE;Tipo IV;Sin minas
MAGDALENA;ZAPAYÁN;Tipo IV;Sin minas
MAGDALENA;ZONA BANANERA;Tipo II;Sin minas
META;ACACÍAS;Tipo II;Sin minas
META;BARRANCA DE UPÍA;Tipo IV;Sin minas
META;CABUYARO;Tipo IV;Sin minas
META;CASTILLA LA NUEVA;Tipo IV;Sin minas
META;CUMARAL;Tipo III;Sin minas
META;EL CALVARIO;Tipo II;En intervención
META;EL CASTILLO;Tipo I;En intervención
META;EL DORADO;Plan de intervención DH;Sin minas
META;FUENTE DE ORO;Tipo II;Sin minas
META;GRANADA;Tipo I;En intervención
META;GUAMAL;Tipo II;Sin minas
META;LA MACARENA;Tipo I;En intervención
META;LEJANÍAS;Tipo I;En intervención
META;MAPIRIPÁN;Tipo I;En intervención
META;MESETAS;Tipo I;En intervención
META;PUERTO CONCORDIA;Tipo II;En intervención
META;PUERTO GAITÁN;Tipo II;Sin minas
META;PUERTO LLERAS;Tipo I;En intervención
META;PUERTO LÓPEZ;Tipo III;Sin minas
META;PUERTO RICO;Tipo I;En intervención
META;RESTREPO;Tipo IV;Sin minas
META;SAN CARLOS DE GUAROA;Tipo III;Sin minas
META;SAN JUAN DE ARAMA;Tipo II;En intervención
META;SAN JUANITO;Tipo II;En intervención
META;SAN LUIS DE CUBARRAL;Tipo I;En intervención
META;SAN MARTÍN;Tipo III;Sin minas
META;URIBE;Tipo I;En intervención
META;VILLAVICENCIO;Tipo II;Sin minas
META;VISTAHERMOSA;Tipo I;En intervención
NARIÑO;ALBÁN;Tipo IV;Sin minas
NARIÑO;ALDANA;Tipo IV;Sin minas
NARIÑO;ANCUYÁ;Tipo III;Sin minas
NARIÑO;ARBOLEDA;Tipo IV;Sin minas
NARIÑO;BARBACOAS;Tipo I;Por intervenir
NARIÑO;BELÉN;Tipo II;Sin minas
NARIÑO;BUESACO;Tipo IV;Sin minas
NARIÑO;CHACHAGÜÍ;Tipo IV;Sin minas
NARIÑO;COLÓN;Tipo II;Sin minas
NARIÑO;CONSACÁ;Tipo IV;Sin minas
NARIÑO;CONTADERO;Tipo IV;Sin minas
NARIÑO;CÓRDOBA;Tipo I;En intervención
NARIÑO;CUASPÚD;Tipo IV;Sin minas
NARIÑO;CUMBAL;Tipo II;Por intervenir
NARIÑO;CUMBITARA;Tipo I;En intervención
NARIÑO;EL CHARCO;Tipo I;Por intervenir
NARIÑO;EL PEÑOL;Tipo IV;Sin minas
NARIÑO;EL ROSARIO;Tipo I;En intervención
NARIÑO;EL TABLÓN DE GÓMEZ;Tipo III;Por intervenir
NARIÑO;EL TAMBO;Tipo III;Sin minas
NARIÑO;FRANCISCO PIZARRO;Tipo III;Por intervenir
NARIÑO;FUNES;Tipo III;Sin minas
NARIÑO;GUACHUCAL;Tipo IV;Sin minas
NARIÑO;GUAITARILLA;Tipo IV;Sin minas
NARIÑO;GUALMATÁN;Tipo IV;Sin minas
NARIÑO;ILES;Tipo IV;Sin minas
NARIÑO;IMUÉS;Tipo IV;Sin minas
NARIÑO;IPIALES;Tipo I;En intervención
NARIÑO;LA CRUZ;Tipo II;Sin minas
NARIÑO;LA FLORIDA;Tipo III;Sin minas
NARIÑO;LA LLANADA;Tipo I;Por intervenir
NARIÑO;LA TOLA;Tipo III;Por intervenir
NARIÑO;LA UNIÓN;Tipo III;Sin minas
NARIÑO;LEIVA;Tipo I;En intervención
NARIÑO;LINARES;Tipo II;Por intervenir
NARIÑO;LOS ANDES;Tipo I;Por intervenir
NARIÑO;MAGÜÍ;Tipo I;Por intervenir
NARIÑO;MALLAMA;Tipo II;Por intervenir
NARIÑO;MOSQUERA;Tipo III;Sin minas
NARIÑO;NARIÑO;Tipo IV;Sin minas
NARIÑO;OLAYA HERRERA;Tipo III;Por intervenir
NARIÑO;OSPINA;Tipo IV;Sin minas
NARIÑO;PASTO;Tipo III;Sin minas
NARIÑO;POLICARPA;Tipo I;Por intervenir
NARIÑO;POTOSÍ;Tipo III;Sin minas
NARIÑO;PROVIDENCIA;Tipo IV;Sin minas
NARIÑO;PUERRES;Tipo I;En intervención
NARIÑO;PUPIALES;Tipo IV;Sin minas
NARIÑO;RICAURTE;Tipo I;Por intervenir
NARIÑO;ROBERTO PAYÁN;Tipo I;En intervención
NARIÑO;SAMANIEGO;Tipo I;Por intervenir
NARIÑO;SAN ANDRÉS DE TUMACO;Tipo I;Por intervenir
NARIÑO;SAN BERNARDO;Tipo IV;Por intervenir
NARIÑO;SAN LORENZO;Tipo II;Sin minas
NARIÑO;SAN PABLO;Tipo II;Por intervenir
NARIÑO;SAN PEDRO DE CARTAGO;Tipo IV;Sin minas
NARIÑO;SANDONÁ;Tipo I;En intervención
NARIÑO;SANTA BÁRBARA;Tipo I;Por intervenir
NARIÑO;SANTACRUZ;Tipo II;Por intervenir
NARIÑO;SAPUYES;Tipo IV;Sin minas
NARIÑO;TAMINANGO;Tipo III;Sin minas
NARIÑO;TANGUA;Tipo IV;Sin minas
NARIÑO;TÚQUERRES;Tipo II;Por intervenir
NARIÑO;YACUANQUER;Tipo III;Sin minas
NORTE DE SANTANDER;ÁBREGO;Tipo I;Por intervenir
NORTE DE SANTANDER;ARBOLEDAS;Tipo II;En intervención
NORTE DE SANTANDER;BOCHALEMA;Tipo IV;Sin minas
NORTE DE SANTANDER;BUCARASICA;Tipo II;Por intervenir
NORTE DE SANTANDER;CÁCHIRA;Tipo II;En intervención
NORTE DE SANTANDER;CÁCOTA;Tipo IV;Sin minas
NORTE DE SANTANDER;CHINÁCOTA;Tipo IV;Sin minas
NORTE DE SANTANDER;CHITAGÁ;Tipo III;Sin minas
NORTE DE SANTANDER;CONVENCIÓN;Tipo I;Por intervenir
NORTE DE SANTANDER;CÚCUTA;Tipo II;Por intervenir
NORTE DE SANTANDER;CUCUTILLA;Tipo IV;Sin minas
NORTE DE SANTANDER;DURANIA;Tipo II;En intervención
NORTE DE SANTANDER;EL CARMEN;Tipo I;Por intervenir
NORTE DE SANTANDER;EL TARRA;Tipo I;Por intervenir
NORTE DE SANTANDER;EL ZULIA;Tipo I;Por intervenir
NORTE DE SANTANDER;GRAMALOTE;Tipo IV;Sin minas
NORTE DE SANTANDER;HACARÍ;Tipo I;Por intervenir
NORTE DE SANTANDER;HERRÁN;Tipo II;Por intervenir
NORTE DE SANTANDER;LA ESPERANZA;Tipo IV;Sin minas
NORTE DE SANTANDER;LA PLAYA;Tipo I;Por intervenir
NORTE DE SANTANDER;LABATECA;Tipo II;Por intervenir
NORTE DE SANTANDER;LOS PATIOS;Tipo IV;Sin minas
NORTE DE SANTANDER;LOURDES;Tipo IV;Sin minas
NORTE DE SANTANDER;MUTISCUA;Tipo IV;Sin minas
NORTE DE SANTANDER;OCAÑA;Tipo I;Por intervenir
NORTE DE SANTANDER;PAMPLONA;Tipo III;Sin minas
NORTE DE SANTANDER;PAMPLONITA;Tipo IV;Sin minas
NORTE DE SANTANDER;PUERTO SANTANDER;Tipo IV;Sin minas
NORTE DE SANTANDER;RAGONVALIA;Tipo IV;Sin minas
NORTE DE SANTANDER;SALAZAR;Tipo II;En intervención
NORTE DE SANTANDER;SAN CALIXTO;Tipo I;Por intervenir
NORTE DE SANTANDER;SAN CAYETANO;Tipo III;Sin minas
NORTE DE SANTANDER;SANTIAGO;Tipo II;En intervención
NORTE DE SANTANDER;SARDINATA;Tipo I;Por intervenir
NORTE DE SANTANDER;SILOS;Tipo III;Por intervenir
NORTE DE SANTANDER;TEORAMA;Tipo I;Por intervenir
NORTE DE SANTANDER;TIBÚ;Tipo I;Por intervenir
NORTE DE SANTANDER;TOLEDO;Tipo I;Por intervenir
NORTE DE SANTANDER;VILLA CARO;Tipo III;Sin minas
NORTE DE SANTANDER;VILLA DEL ROSARIO;Tipo III;Sin minas
PUTUMAYO;COLÓN;Tipo IV;Sin minas
PUTUMAYO;MOCOA;Tipo I;Sin minas
PUTUMAYO;ORITO;Tipo I;En intervención
PUTUMAYO;PUERTO ASÍS;Tipo I;En intervención
PUTUMAYO;PUERTO CAICEDO;Tipo I;En intervención
PUTUMAYO;PUERTO GUZMÁN;Tipo I;En intervención
PUTUMAYO;PUERTO LEGUÍZAMO;Tipo I;En intervención
PUTUMAYO;SAN FRANCISCO;Tipo IV;Sin minas
PUTUMAYO;SAN MIGUEL;Tipo I;En intervención
PUTUMAYO;SANTIAGO;Tipo II;Sin minas
PUTUMAYO;SIBUNDOY;Tipo IV;Sin minas
PUTUMAYO;VALLE DEL GUAMUEZ;Tipo I;En intervención
PUTUMAYO;VILLAGARZÓN;Tipo I;En intervención
QUINDIO;ARMENIA;Tipo IV;Sin minas
QUINDIO;BUENAVISTA;Tipo IV;Sin minas
QUINDIO;CALARCÁ;Tipo III;Sin minas
QUINDIO;CIRCASIA;Tipo IV;Sin minas
QUINDIO;CÓRDOBA;Tipo II;Sin minas
QUINDIO;FILANDIA;Tipo IV;Sin minas
QUINDIO;GÉNOVA;Tipo II;Sin minas
QUINDIO;LA TEBAIDA;Tipo IV;Sin minas
QUINDIO;MONTENEGRO;Tipo II;Sin minas
QUINDIO;PIJAO;Tipo II;Sin minas
QUINDIO;QUIMBAYA;Tipo III;Sin minas
QUINDIO;SALENTO;Tipo III;Sin minas
RISARALDA;APÍA;Tipo IV;Sin minas
RISARALDA;BALBOA;Tipo IV;Sin minas
RISARALDA;BELÉN DE UMBRÍA;Tipo II;En intervención
RISARALDA;DOSQUEBRADAS;Tipo III;Sin minas
RISARALDA;GUÁTICA;Tipo II;Sin minas
RISARALDA;LA CELIA;Tipo III;Sin minas
RISARALDA;LA VIRGINIA;Tipo IV;Sin minas
RISARALDA;MARSELLA;Tipo IV;Sin minas
RISARALDA;MISTRATÓ;Tipo II;Por intervenir
RISARALDA;PEREIRA;Tipo II;Sin minas
RISARALDA;PUEBLO RICO;Tipo II;Por intervenir
RISARALDA;QUINCHÍA;Tipo II;Sin minas
RISARALDA;SANTA ROSA DE CABAL;Tipo II;Sin minas
RISARALDA;SANTUARIO;Tipo II;Sin minas
SANTANDER;AGUADA;Tipo IV;Sin minas
SANTANDER;ALBANIA;Tipo IV;Sin minas
SANTANDER;ARATOCA;Tipo IV;Sin minas
SANTANDER;BARBOSA;Tipo IV;Sin minas
SANTANDER;BARICHARA;Tipo IV;Sin minas
SANTANDER;BARRANCABERMEJA;Tipo II;Sin minas
SANTANDER;BETULIA;Tipo III;Sin minas
SANTANDER;BOLÍVAR;Tipo III;Sin minas
SANTANDER;BUCARAMANGA;Tipo II;Sin minas
SANTANDER;CABRERA;Tipo IV;Sin minas
SANTANDER;CALIFORNIA;Tipo II;En intervención
SANTANDER;CAPITANEJO;Tipo III;Sin minas
SANTANDER;CARCASÍ;Tipo III;Sin minas
SANTANDER;CEPITÁ;Tipo IV;Sin minas
SANTANDER;CERRITO;Tipo III;Sin minas
SANTANDER;CHARALÁ;Tipo IV;Sin minas
SANTANDER;CHARTA;Tipo II;En intervención
SANTANDER;CHIMA;Tipo III;En intervención
SANTANDER;CHIPATÁ;Tipo IV;Sin minas
SANTANDER;CIMITARRA;Tipo II;Sin minas
SANTANDER;CONCEPCIÓN;Tipo IV;Sin minas
SANTANDER;CONFINES;Tipo IV;Sin minas
SANTANDER;CONTRATACIÓN;Tipo III;Sin minas
SANTANDER;COROMORO;Tipo IV;Sin minas
SANTANDER;CURITÍ;Tipo II;Sin minas
SANTANDER;EL CARMEN DE CHUCURÍ;Plan de intervención DH;Sin minas
SANTANDER;EL GUACAMAYO;Tipo III;Sin minas
SANTANDER;EL PEÑÓN;Tipo II;En intervención
SANTANDER;EL PLAYÓN;Tipo II;En intervención
SANTANDER;ENCINO;Tipo IV;Sin minas
SANTANDER;ENCISO;Tipo IV;Sin minas
SANTANDER;FLORIÁN;Tipo IV;Sin minas
SANTANDER;FLORIDABLANCA;Tipo III;Sin minas
SANTANDER;GALÁN;Tipo II;Sin minas
SANTANDER;GÁMBITA;Tipo IV;Sin minas
SANTANDER;GIRÓN;Tipo II;En intervención
SANTANDER;GUACA;Tipo III;Sin minas
SANTANDER;GUADALUPE;Tipo II;Sin minas
SANTANDER;GUAPOTÁ;Tipo IV;Sin minas
SANTANDER;GUAVATÁ;Tipo IV;Sin minas
SANTANDER;GÜEPSA;Tipo IV;Sin minas
SANTANDER;HATO;Tipo II;En intervención
SANTANDER;JESÚS MARÍA;Tipo IV;Sin minas
SANTANDER;JORDÁN;Tipo IV;Sin minas
SANTANDER;LA BELLEZA;Tipo II;Sin minas
SANTANDER;LA PAZ;Tipo IV;Sin minas
SANTANDER;LANDÁZURI;Tipo II;En intervención
SANTANDER;LEBRIJA;Tipo II;Sin minas
SANTANDER;LOS SANTOS;Tipo IV;Sin minas
SANTANDER;MACARAVITA;Tipo II;Sin minas
SANTANDER;MÁLAGA;Tipo IV;Sin minas
SANTANDER;MATANZA;Tipo II;En intervención
SANTANDER;MOGOTES;Tipo IV;Sin minas
SANTANDER;MOLAGAVITA;Tipo IV;Sin minas
SANTANDER;OCAMONTE;Tipo IV;Sin minas
SANTANDER;OIBA;Tipo IV;Sin minas
SANTANDER;ONZAGA;Tipo IV;Sin minas
SANTANDER;PALMAR;Tipo IV;Sin minas
SANTANDER;PALMAS DEL SOCORRO;Tipo IV;Sin minas
SANTANDER;PÁRAMO;Tipo IV;Sin minas
SANTANDER;PIEDECUESTA;Tipo II;Sin minas
SANTANDER;PINCHOTE;Tipo IV;Sin minas
SANTANDER;PUENTE NACIONAL;Tipo III;Sin minas
SANTANDER;PUERTO PARRA;Tipo III;Sin minas
SANTANDER;PUERTO WILCHES;Tipo II;En intervención
SANTANDER;RIONEGRO;Tipo II;En intervención
SANTANDER;SABANA DE TORRES;Plan de intervención DH;Sin minas
SANTANDER;SAN ANDRÉS;Tipo IV;Sin minas
SANTANDER;SAN BENITO;Tipo IV;Sin minas
SANTANDER;SAN GIL;Tipo IV;Sin minas
SANTANDER;SAN JOAQUÍN;Tipo IV;Sin minas
SANTANDER;SAN JOSÉ DE MIRANDA;Tipo IV;Sin minas
SANTANDER;SAN MIGUEL;Tipo II;Sin minas
SANTANDER;SAN VICENTE DE CHUCURÍ;Plan de intervención DH;Sin minas
SANTANDER;SANTA BÁRBARA;Tipo IV;Sin minas
SANTANDER;SANTA HELENA DEL OPÓN;Tipo III;Sin minas
SANTANDER;SIMACOTA;Tipo II;En intervención
SANTANDER;SOCORRO;Tipo II;Sin minas
SANTANDER;SUAITA;Tipo II;Sin minas
SANTANDER;SUCRE;Tipo II;En intervención
SANTANDER;SURATÁ;Tipo II;En intervención
SANTANDER;TONA;Tipo III;Sin minas
SANTANDER;VALLE DE SAN JOSÉ;Tipo IV;Sin minas
SANTANDER;VÉLEZ;Tipo II;Sin minas
SANTANDER;VETAS;Tipo IV;Sin minas
SANTANDER;VILLANUEVA;Tipo IV;Sin minas
SANTANDER;ZAPATOCA;Tipo II;Sin minas
SUCRE;BUENAVISTA;Tipo IV;Sin minas
SUCRE;CAIMITO;Tipo IV;Sin minas
SUCRE;CHALÁN;Tipo II;En intervención
SUCRE;COLOSO;Tipo II;En intervención
SUCRE;COROZAL;Tipo II;Sin minas
SUCRE;COVEÑAS;Tipo IV;Sin minas
SUCRE;EL ROBLE;Tipo IV;Sin minas
SUCRE;GALERAS;Tipo IV;En intervención
SUCRE;GUARANDA;Tipo II;En intervención
SUCRE;LA UNIÓN;Tipo II;En intervención
SUCRE;LOS PALMITOS;Tipo II;Sin minas
SUCRE;MAJAGUAL;Tipo II;En intervención
SUCRE;MORROA;Tipo II;Sin minas
SUCRE;OVEJAS;Tipo II;En intervención
SUCRE;PALMITO;Tipo IV;Sin minas
SUCRE;SAMPUÉS;Tipo IV;Sin minas
SUCRE;SAN BENITO ABAD;Tipo II;En intervención
SUCRE;SAN JUAN DE BETULIA;Tipo IV;Sin minas
SUCRE;SAN LUIS DE SINCÉ;Tipo IV;Sin minas
SUCRE;SAN MARCOS;Tipo IV;Sin minas
SUCRE;SAN ONOFRE;Tipo II;En intervención
SUCRE;SAN PEDRO;Tipo III;Sin minas
SUCRE;SANTIAGO DE TOLÚ;Tipo IV;Sin minas
SUCRE;SINCELEJO;Tipo II;Sin minas
SUCRE;SUCRE;Tipo III;En intervención
SUCRE;TOLÚ VIEJO;Tipo IV;Sin minas
TOLIMA;ALPUJARRA;Tipo III;Sin minas
TOLIMA;ALVARADO;Tipo II;Sin minas
TOLIMA;AMBALEMA;Tipo IV;Sin minas
TOLIMA;ANZOÁTEGUI;Tipo II;Sin minas
TOLIMA;ARMERO GUAYABAL;Tipo IV;Sin minas
TOLIMA;ATACO;Tipo II;Sin minas
TOLIMA;CAJAMARCA;Tipo I;En intervención
TOLIMA;CARMEN DE APICALÁ;Tipo IV;Sin minas
TOLIMA;CASABIANCA;Tipo IV;Sin minas
TOLIMA;CHAPARRAL;Tipo I;En intervención
TOLIMA;COELLO;Tipo IV;Sin minas
TOLIMA;COYAIMA;Tipo II;Sin minas
TOLIMA;CUNDAY;Tipo III;Sin minas
TOLIMA;DOLORES;Tipo I;En intervención
TOLIMA;ESPINAL;Tipo IV;Sin minas
TOLIMA;FALAN;Tipo IV;Sin minas
TOLIMA;FLANDES;Tipo III;Sin minas
TOLIMA;FRESNO;Tipo IV;Sin minas
TOLIMA;GUAMO;Tipo IV;Sin minas
TOLIMA;HERVEO;Tipo II;Sin minas
TOLIMA;HONDA;Tipo IV;Sin minas
TOLIMA;IBAGUÉ;Tipo I;En intervención
TOLIMA;ICONONZO;Tipo I;Sin minas
TOLIMA;LÉRIDA;Tipo II;Sin minas
TOLIMA;LÍBANO;Tipo II;Sin minas
TOLIMA;MELGAR;Tipo I;Sin minas
TOLIMA;MURILLO;Tipo IV;Sin minas
TOLIMA;NATAGAIMA;Tipo II;Sin minas
TOLIMA;ORTEGA;Tipo II;En intervención
TOLIMA;PALOCABILDO;Tipo III;Sin minas
TOLIMA;PIEDRAS;Tipo IV;Sin minas
TOLIMA;PLANADAS;Tipo I;En intervención
TOLIMA;PRADO;Tipo II;Sin minas
TOLIMA;PURIFICACIÓN;Tipo III;Sin minas
TOLIMA;RIOBLANCO;Tipo I;En intervención
TOLIMA;RONCESVALLES;Tipo I;En intervención
TOLIMA;ROVIRA;Tipo I;En intervención
TOLIMA;SALDAÑA;Tipo IV;Sin minas
TOLIMA;SAN ANTONIO;Tipo I;En intervención
TOLIMA;SAN LUIS;Tipo IV;Sin minas
TOLIMA;SAN SEBASTIÁN DE MARIQUITA;Tipo II;Sin minas
TOLIMA;SANTA ISABEL;Tipo II;Sin minas
TOLIMA;SUÁREZ;Tipo IV;Sin minas
TOLIMA;VALLE DE SAN JUAN;Tipo IV;Sin minas
TOLIMA;VENADILLO;Tipo IV;En intervención
TOLIMA;VILLAHERMOSA;Tipo II;Sin minas
TOLIMA;VILLARRICA;Tipo II;Sin minas
VALLE DEL CAUCA;ALCALÁ;Tipo IV;Sin minas
VALLE DEL CAUCA;ANDALUCÍA;Tipo III;Sin minas
VALLE DEL CAUCA;ANSERMANUEVO;Tipo IV;Sin minas
VALLE DEL CAUCA;ARGELIA;Tipo IV;Sin minas
VALLE DEL CAUCA;BOLÍVAR;Tipo III;Sin minas
VALLE DEL CAUCA;BUENAVENTURA;Tipo I;Por intervenir
VALLE DEL CAUCA;BUGALAGRANDE;Tipo I;Sin minas
VALLE DEL CAUCA;CAICEDONIA;Tipo IV;Sin minas
VALLE DEL CAUCA;CALI;Tipo II;Sin minas
VALLE DEL CAUCA;CALIMA;Tipo II;En intervención
VALLE DEL CAUCA;CANDELARIA;Tipo IV;Sin minas
VALLE DEL CAUCA;CARTAGO;Tipo IV;Sin minas
VALLE DEL CAUCA;DAGUA;Tipo I;En intervención
VALLE DEL CAUCA;EL ÁGUILA;Tipo II;En intervención
VALLE DEL CAUCA;EL CAIRO;Tipo IV;Sin minas
VALLE DEL CAUCA;EL CERRITO;Tipo II;Sin minas
VALLE DEL CAUCA;EL DOVIO;Tipo III;Sin minas
VALLE DEL CAUCA;FLORIDA;Tipo I;En intervención
VALLE DEL CAUCA;GINEBRA;Tipo III;Sin minas
VALLE DEL CAUCA;GUACARÍ;Tipo II;Sin minas
VALLE DEL CAUCA;GUADALAJARA DE BUGA;Tipo I;Por intervenir
VALLE DEL CAUCA;JAMUNDÍ;Tipo I;Por intervenir
VALLE DEL CAUCA;LA CUMBRE;Tipo II;Sin minas
VALLE DEL CAUCA;LA UNIÓN;Tipo IV;Sin minas
VALLE DEL CAUCA;LA VICTORIA;Tipo IV;Sin minas
VALLE DEL CAUCA;OBANDO;Tipo IV;Sin minas
VALLE DEL CAUCA;PALMIRA;Tipo I;En intervención
VALLE DEL CAUCA;PRADERA;Tipo I;En intervención
VALLE DEL CAUCA;RESTREPO;Tipo IV;Sin minas
VALLE DEL CAUCA;RIOFRÍO;Tipo II;En intervención
VALLE DEL CAUCA;ROLDANILLO;Tipo IV;Sin minas
VALLE DEL CAUCA;SAN PEDRO;Tipo I;Sin minas
VALLE DEL CAUCA;SEVILLA;Tipo II;Sin minas
VALLE DEL CAUCA;TORO;Tipo IV;Sin minas
VALLE DEL CAUCA;TRUJILLO;Tipo IV;Sin minas
VALLE DEL CAUCA;TULUÁ;Tipo I;En intervención
VALLE DEL CAUCA;ULLOA;Tipo IV;Sin minas
VALLE DEL CAUCA;VERSALLES;Tipo III;Sin minas
VALLE DEL CAUCA;VIJES;Tipo IV;Sin minas
VALLE DEL CAUCA;YOTOCO;Tipo IV;Sin minas
VALLE DEL CAUCA;YUMBO;Tipo IV;Sin minas
VALLE DEL CAUCA;ZARZAL;Tipo IV;Sin minas
VAUPÉS;CARURÚ;Tipo I;En intervención
VAUPÉS;MITÚ;Tipo II;En intervención
VAUPÉS;PACOA;Tipo IV;Sin minas
VAUPÉS;PAPUNAUA;Tipo IV;Sin minas
VAUPÉS;TARAIRA;Tipo IV;Sin minas
VAUPÉS;YAVARATÉ;Tipo IV;Sin minas
VICHADA;CUMARIBO;Tipo I;Por intervenir
VICHADA;LA PRIMAVERA;Tipo III;Sin minas
VICHADA;PUERTO CARREÑO;Tipo II;Por intervenir
VICHADA;SANTA ROSALÍA;Tipo IV;Sin minas
